{
  "earthquake": {
    "label": "earthquake energy (J)",
    "xmin_grid": [
      5610092.271509826,
      6034723.444289714,
      6491495.199464689,
      6982840.276557666,
      7511375.550572226,
      8079915.969314977,
      8691489.545642251,
      9349353.484478492,
      10057011.530498367,
      10818232.628864937,
      11637070.99841002,
      12517887.724165574,
      13465373.984246079,
      14484576.034787677,
      15580922.08601155,
      16760251.212552737,
      18028844.4520284,
      19393458.257474896,
      20861360.481819835,
      22440369.086039305
    ],
    "alphas": [
      1.9602607968983141,
      1.7478816683121883,
      1.7907858207188805,
      1.83911234738106,
      1.8935357256112453,
      1.6867799875778067,
      1.7228977365712668,
      1.7629900519122421,
      1.8077139802568931,
      1.8580684950494892,
      1.7088510556794057,
      1.7473619477345017,
      1.7902583655234978,
      1.8386123434736428,
      1.8931483890407446,
      1.7473822682942908,
      1.7904225787884898,
      1.838652738128352,
      1.8930119759001411,
      1.6794344823822027
    ],
    "n_tails": [
      37284,
      27519,
      27510,
      27507,
      27498,
      19847,
      19844,
      19840,
      19834,
      19829,
      15468,
      15465,
      15461,
      15461,
      15459,
      12228,
      12227,
      12225,
      12221,
      8698
    ],
    "alpha_min": 1.6794344823822027,
    "alpha_max": 1.9602607968983141,
    "alpha_range": 0.2808263145161114,
    "alpha_std": 0.07456901499627244,
    "baseline_xmin": 11220184.543019652,
    "drift_assessment": "mild_drift"
  },
  "stockmarket": {
    "label": "S&P 500 |daily ret|",
    "xmin_grid": [
      0.0049902502682779475,
      0.005367965236469328,
      0.005774269672027254,
      0.0062113275284964185,
      0.006681466550333864,
      0.007187190670339175,
      0.007731193345453375,
      0.008316371901952316,
      0.008945842966436142,
      0.009622959064799392,
      0.010351326477586874,
      0.011134824446831917,
      0.011977625836671446,
      0.012884219357775114,
      0.013859433473954536,
      0.01490846211827777,
      0.016036892355651602,
      0.017250734139200828,
      0.018556452318925457,
      0.01996100107311179
    ],
    "alphas": [
      2.294197977373315,
      2.3581234736047216,
      2.4189240971121135,
      2.4853079177839232,
      2.5592482474399305,
      2.6286993211946035,
      2.70450191031639,
      2.773187706690481,
      2.8496304785957802,
      2.944143065425715,
      2.999999999999999,
      2.999999999999999,
      2.999999999999999,
      2.999999999999999,
      2.999999999999999,
      2.999999999999999,
      2.999999999999999,
      2.999999999999999,
      2.999999999999999,
      2.999999999999999
    ],
    "n_tails": [
      4630,
      4410,
      4163,
      3920,
      3683,
      3425,
      3174,
      2908,
      2659,
      2433,
      2211,
      1978,
      1755,
      1562,
      1368,
      1177,
      998,
      848,
      715,
      606
    ],
    "alpha_min": 2.294197977373315,
    "alpha_max": 2.999999999999999,
    "alpha_range": 0.7058020226266839,
    "alpha_std": 0.24654738683551147,
    "baseline_xmin": 0.009980500536555895,
    "drift_assessment": "substantial_drift"
  },
  "defi_aave": {
    "label": "DeFi Aave V2 liquidations",
    "xmin_grid": [
      8747.215118134985,
      9409.296958220668,
      10121.492160908172,
      10887.593835990285,
      11711.682195963647,
      12598.1462870006,
      13551.707364751306,
      14577.444039473685,
      15680.81932441334,
      16867.70973149097,
      18144.436569259386,
      19517.799609821566,
      20995.11330401699,
      22584.24573775717,
      24293.660536988697,
      26132.461944467464,
      28110.44330842085,
      30238.139241344405,
      32526.881726729305,
      34988.86047253994
    ],
    "alphas": [
      0.9999999991174844,
      0.9999999987944443,
      0.9999999974600692,
      0.9999999989618944,
      0.9999999983640596,
      0.9999999973642302,
      0.9999999970913724,
      0.9999999999969534,
      0.9999999988809615,
      0.9999999974774036,
      0.9999999991812174,
      0.9999999984198603,
      0.9999999998959723,
      0.9999999971281399,
      0.9999999981442504,
      0.9999999982301849,
      0.999999997091181,
      0.9999999997424769,
      0.9999999991065557,
      0.9999999999994854
    ],
    "n_tails": [
      28899,
      28897,
      28894,
      28886,
      28881,
      28880,
      28873,
      28864,
      28858,
      28847,
      28837,
      28830,
      28825,
      28818,
      28811,
      28802,
      28791,
      28787,
      28775,
      28757
    ],
    "alpha_min": 0.999999997091181,
    "alpha_max": 0.9999999999994854,
    "alpha_range": 2.9083043751043647e-09,
    "alpha_std": 9.778188533366428e-10,
    "baseline_xmin": 17494.43023626997,
    "drift_assessment": "robust"
  },
  "wildfire": {
    "label": "wildfire (acres)",
    "xmin_grid": [
      599.64,
      645.0271031210701,
      693.8495826842102,
      746.3674643462072,
      802.860455258242,
      863.6294337697411,
      928.9980518887772,
      999.3144590336465,
      1074.9531562562079,
      1156.316990812476,
      1243.8393017034298,
      1337.9862276130636,
      1439.2591895356272,
      1548.1975613143638,
      1665.3815423149051,
      1791.4352475329922,
      1927.0300315942604,
      2072.888064349527,
      2229.786177108963,
      2398.56
    ],
    "alphas": [
      1.6067796608366722,
      1.6095736360052721,
      1.6175684472036993,
      1.6221579363910612,
      1.623767489747717,
      1.625648794288446,
      1.6350914479117389,
      1.6433384249814944,
      1.6460607061249668,
      1.6518575132566853,
      1.6592069991280938,
      1.662366179113698,
      1.6685333838677234,
      1.6761535849243276,
      1.6852840029320506,
      1.6961429657085234,
      1.6992812731314473,
      1.7010025449803212,
      1.7024296351906423,
      1.7102872237348938
    ],
    "n_tails": [
      2263,
      2175,
      2107,
      2029,
      1944,
      1863,
      1806,
      1746,
      1673,
      1610,
      1552,
      1486,
      1429,
      1376,
      1327,
      1282,
      1224,
      1166,
      1110,
      1066
    ],
    "alpha_min": 1.6067796608366722,
    "alpha_max": 1.7102872237348938,
    "alpha_range": 0.1035075628982216,
    "alpha_std": 0.03311561958423975,
    "baseline_xmin": 1199.28,
    "drift_assessment": "robust"
  },
  "solar": {
    "label": "solar flare peak flux",
    "xmin_grid": [
      2.6e-06,
      2.7967955241724736e-06,
      3.008486616935074e-06,
      3.236200732606461e-06,
      3.481150663183632e-06,
      3.7446409976007747e-06,
      4.028075069893311e-06,
      4.332962433272435e-06,
      4.66092689991685e-06,
      5.0137151893009795e-06,
      5.3932062311202e-06,
      5.801421172360036e-06,
      6.24053414180614e-06,
      6.712883829326518e-06,
      7.2209859415962186e-06,
      7.767546600603327e-06,
      8.355476756295587e-06,
      8.987907690128701e-06,
      9.66820769208744e-06,
      1.04e-05
    ],
    "alphas": [
      2.13139084688272,
      2.1372599971970727,
      2.1101999285552306,
      2.1327970879120715,
      2.153085447953476,
      2.1472952476831075,
      2.1532532124136368,
      2.1586375310909314,
      2.174566684343623,
      2.166744857554927,
      2.197216516700772,
      2.182939526941879,
      2.1948690346384327,
      2.1925398075982074,
      2.1908692750504355,
      2.195911580768886,
      2.189994310500431,
      2.189466608704017,
      2.1844189632109794,
      2.100514245492967
    ],
    "n_tails": [
      9097,
      8431,
      7584,
      7126,
      6674,
      6108,
      5643,
      5209,
      4850,
      4422,
      4163,
      3772,
      3492,
      3193,
      2921,
      2688,
      2453,
      2249,
      2054,
      1758
    ],