{
  "label": "bf=1",
  "predicted_class": "soc_threshold_cascade (neural avalanche, Beggs-Plenz 2003)",
  "n_avalanches": 301092,
  "predicted_exponents": {
    "tau_size": 1.5,
    "alpha_duration": 2.0,
    "gamma_scaling": 2.0,
    "scaling_relation_formula": "gamma = (alpha_dur - 1) / (tau - 1)"
  },
  "size_fit": {
    "name": "size",
    "alpha": 2.9838134765624993,
    "sigma_alpha": 0.00796448945361302,
    "xmin": 7.0,
    "n_total": 301092,
    "n_tail": 62042,
    "vs_lognormal_R": -30.523979582785618,
    "vs_lognormal_p": 1.2527232927074996e-204,
    "vs_exponential_R": -0.9425817062298072,
    "vs_exponential_p": 0.3458949006376494
  },
  "duration_fit": {
    "name": "duration",
    "alpha": 2.7571289062499993,
    "sigma_alpha": 0.005197832829101191,
    "xmin": 3.0,
    "n_total": 301092,
    "n_tail": 114278,
    "vs_lognormal_R": -56.29197920116423,
    "vs_lognormal_p": 0.0,
    "vs_exponential_R": -25.456895014668522,
    "vs_exponential_p": 5.921567811076381e-143
  },
  "scaling_relation": {
    "gamma": 1.0982987099021568,
    "gamma_sigma": 0.00747475035077792,
    "intercept": 0.16452745390292578,
    "R2": 0.9988433822769097,
    "n_T_bins": 27,
    "T_range": [
      1.0,
      27.0
    ]
  },
  "checks": {
    "tau_in_[1.3,1.7]": false,
    "alpha_in_[1.7,2.3]": false,
    "gamma_in_[1.7,2.3]": false
  },
  "verdict": "PARTIAL",
  "references": [
    "Beggs & Plenz 2003 J. Neurosci \u2014 'Neuronal avalanches in neocortical circuits'",
    "Sethna-Dahmen-Myers 2001 Nature \u2014 mean-field branching process scaling",
    "Clauset-Shalizi-Newman 2009 SIAM Rev \u2014 power-law fitting"
  ]
}