{
  "nwb_file": "sample.nwb",
  "n_units": 71,
  "n_spikes_total": 1392414,
  "pooled_time_span_sec": 2266.1670510000004,
  "mean_iei_ms": 1.64183594660152,
  "bin_factor": 16.0,
  "bin_width_ms": 26.26937514562432,
  "n_avalanches": 157,
  "size_range": [
    28,
    32758
  ],
  "duration_range": [
    6,
    2182
  ]
}