{
  "nwb_file": "sample.nwb",
  "n_units": 71,
  "n_spikes_total": 1392414,
  "pooled_time_span_sec": 2266.1670510000004,
  "mean_iei_ms": 1.64183594660152,
  "bin_factor": 4.0,
  "bin_width_ms": 6.56734378640608,
  "n_avalanches": 8446,
  "size_range": [
    1,
    3635
  ],
  "duration_range": [
    1,
    574
  ]
}