{
  "nwb_file": "sample.nwb",
  "n_units": 71,
  "n_spikes_total": 1392414,
  "pooled_time_span_sec": 2266.1670510000004,
  "mean_iei_ms": 1.64183594660152,
  "bin_factor": 8.0,
  "bin_width_ms": 13.13468757281216,
  "n_avalanches": 413,
  "size_range": [
    1,
    12504
  ],
  "duration_range": [
    1,
    1428
  ]
}