{
  "slot": "05_wildfire",
  "source_dir": "v4/validation/soc-wildfire",
  "wildfire_results": {
    "phase": "Layer 5 Phase 10",
    "domain": "wildfire (NIFC US 2010s-2024)",
    "predicted_class": "soc_threshold_cascade (Drossel-Schwabl forest-fire model)",
    "n_total_fires": 21022,
    "size_acres_range": [
      0.000630467857042374,
      1032648.0
    ],
    "size_acres_median": 10.24,
    "powerlaw_fit": {
      "name": "wildfire_size",
      "alpha": 1.6597649597129411,
      "sigma_alpha": 0.016540710345113417,
      "xmin": 1199.28,
      "n_total": 21022,
      "n_tail": 1591,
      "vs_lognormal_R": -4.725439436335282,
      "vs_lognormal_p": 2.296182636519233e-06,
      "vs_exponential_R": 10.464355335654373,
      "vs_exponential_p": 1.2593080438347538e-25,
      "vs_powerlaw_lognormal_winner": "lognormal",
      "rejects_power_law": true
    },
    "bootstrap_ci": {
      "alpha_mean": 1.6187960952448508,
      "alpha_median": 1.6354075858482893,
      "alpha_std": 0.11168030849934406,
      "ci_low": 1.3810141477923212,
      "ci_high": 1.8085422531179107,
      "n_boot_succeeded": 100
    },
    "omori_inter_fire": {
      "n_aftershocks_in_fit": 1154609,
      "n_bins_used": 11,
      "t_range_days": [
        1.18601350804415,
        50.58964302940002
      ],
      "c_days": 0.5,
      "p": 0.23857363606146298,
      "p_sigma": 0.050388032952011906,
      "logK": 0.8654459269981619,
      "R2": 0.713536820255265
    },
    "null_control": {
      "all_rejected": true,
      "n_per_null": 20000
    },
    "predicted_alpha_range": [
      1.3,
      2.5
    ],
    "literature_alpha_range": [
      1.3,
      2.5
    ],
    "verdict": "CONFIRMED",
    "interpretation": "NIFC wildfire size distribution fit Clauset \u03b1 = 1.660 (bootstrap 95% CI [1.381, 1.809]). Predicted [1.3, 2.5] from Drossel-Schwabl / Malamud 1998. vs lognormal R = -4.725 (p=2.3e-06), vs exponential R = 10.464. Pipeline null-control all rejected: True. Verdict: CONFIRMED.",
    "method_refs": [
      "Drossel-Schwabl 1992 PRL (forest-fire CA model)",
      "Malamud-Morein-Turcotte 1998 PNAS",
      "Clauset-Shalizi-Newman 2009 SIAM Review (power-law fitting)",
      "Bak-Tang-Wiesenfeld 1987 PRL (BTW sandpile / SOC)"
    ]
  }
}